{
    "amazon.com": {
        "ipv4_addresses": [
            "129.105.136.48",
            "208.67.222.222"
        ],
        "scan_time": 1709954856.15124
    },
    "asee.org": {
        "ipv4_addresses": [
            "129.105.136.48",
            "208.67.222.222"
        ],
        "scan_time": 1709954858.391408
    },
    "auditoryneuroscience.com": {
        "ipv4_addresses": [
            "129.105.136.48",
            "208.67.222.222"
        ],
        "scan_time": 1709954858.359019
    },
    "clocktab.com": {
        "ipv4_addresses": [
            "129.105.136.48",
            "208.67.222.222"
        ],
        "scan_time": 1709954858.319991
    },
    "en.wikipedia.org": {
        "ipv4_addresses": [
            "129.105.136.48",
            "208.67.222.222"
        ],
        "scan_time": 1709954856.054772
    },
    "facebook.com": {
        "ipv4_addresses": [
            "129.105.136.48",
            "208.67.222.222"
        ],
        "scan_time": 1709954856.124183
    },
    "fandom.com": {
        "ipv4_addresses": [
            "129.105.136.48",
            "208.67.222.222"
        ],
        "scan_time": 1709954856.296439
    },
    "gradeinflation.com": {
        "ipv4_addresses": [
            "129.105.136.48",
            "208.67.222.222"
        ],
        "scan_time": 1709954858.427374
    },
    "illinois.edu": {
        "ipv4_addresses": [
            "129.105.136.48",
            "208.67.222.222"
        ],
        "scan_time": 1709954857.839182
    },
    "imdb.com": {
        "ipv4_addresses": [
            "129.105.136.48",
            "208.67.222.222"
        ],
        "scan_time": 1709954856.269376
    },
    "instagram.com": {
        "ipv4_addresses": [
            "129.105.136.48",
            "208.67.222.222"
        ],
        "scan_time": 1709954856.789709
    },
    "it.eecs.northwestern.edu": {
        "ipv4_addresses": [
            "129.105.136.48",
            "208.67.222.222"
        ],
        "scan_time": 1709954857.425403
    },
    "kellogg.northwestern.edu": {
        "ipv4_addresses": [
            "129.105.136.48",
            "208.67.222.222"
        ],
        "scan_time": 1709954857.360542
    },
    "kli.org": {
        "ipv4_addresses": [
            "129.105.136.48",
            "208.67.222.222"
        ],
        "scan_time": 1709954858.721892
    },
    "mccormick.northwestern.edu": {
        "ipv4_addresses": [
            "129.105.136.48",
            "208.67.222.222"
        ],
        "scan_time": 1709954857.321813
    },
    "northwestern.edu": {
        "ipv4_addresses": [
            "129.105.136.48",
            "208.67.222.222"
        ],
        "scan_time": 1709954857.270919
    },
    "pinterest.com": {
        "ipv4_addresses": [
            "129.105.136.48",
            "208.67.222.222"
        ],
        "scan_time": 1709954856.339653
    },
    "pmichaud.com": {
        "ipv4_addresses": [
            "129.105.136.48",
            "208.67.222.222"
        ],
        "scan_time": 1709954858.652815
    },
    "reddit.com": {
        "ipv4_addresses": [
            "129.105.136.48",
            "208.67.222.222"
        ],
        "scan_time": 1709954856.236016
    },
    "spacejam.com": {
        "ipv4_addresses": [
            "129.105.136.48",
            "208.67.222.222"
        ],
        "scan_time": 1709954858.476714
    },
    "stevetarzia.com": {
        "ipv4_addresses": [
            "129.105.136.48",
            "208.67.222.222"
        ],
        "scan_time": 1709954857.873787
    },
    "tripadvisor.com": {
        "ipv4_addresses": [
            "129.105.136.48",
            "208.67.222.222"
        ],
        "scan_time": 1709954856.748223
    },
    "twitter.com": {
        "ipv4_addresses": [
            "129.105.136.48",
            "208.67.222.222"
        ],
        "scan_time": 1709954856.092275
    },
    "uchicago.edu": {
        "ipv4_addresses": [
            "129.105.136.48",
            "208.67.222.222"
        ],
        "scan_time": 1709954857.798788
    },
    "users.cs.northwestern.edu": {
        "ipv4_addresses": [
            "129.105.136.48",
            "208.67.222.222"
        ],
        "scan_time": 1709954857.39266
    },
    "walmart.com": {
        "ipv4_addresses": [
            "129.105.136.48",
            "208.67.222.222"
        ],
        "scan_time": 1709954856.827326
    },
    "yelp.com": {
        "ipv4_addresses": [
            "129.105.136.48",
            "208.67.222.222"
        ],
        "scan_time": 1709954856.190218
    },
    "youtube.com": {
        "ipv4_addresses": [
            "129.105.136.48",
            "208.67.222.222"
        ],
        "scan_time": 1709954855.935864
    }
}